"gid","gx1"
1,3
2,7
3,6
4,1
5,3
6,4
7,5
8,4
9,2
10,3
11,3
12,7
13,3
14,5
15,3
16,5
17,2
18,5
19,5
20,5
21,4
22,3
23,6
24,2
25,6
26,5
27,2
28,6
29,1
30,2
31,3
32,3
33,1
